Code MMG,Description
BMX-TD-00001,"205-R4070-01 - CSE (5X20ML)"
BMX-TD-00002,"205-R4109-01 - CSM (5X0.3 ML)"
BMX-TD-00003,"205-R2077-01 - CHEMSOL A16 (5X13ML)"
BMX-TD-00004,"205-R2023-02 - CHEMSOL B16 (5X20ML)"
BMX-TD-00005,"201-R1007-03 - CHEMCHROME V6 (0.75 ML)"
BMX-TD-00006,"24194 - SCANRDI DAILY STANDARD 2ML"
BMX-TD-00007,"200-C2010-01 - CHEMFILTER CB04 (X100)"
BMX-TD-00008,"200-C2107-01 - SUPPORT PAD (X100)"
BMX-TD-00009,"200-C3012-02 - LABELLING PAD (X 200)"
BMX-TD-00010,"800050 - ENDOGRADE GLASS TEST TUBES"
BMX-TD-00011,"607100 - ENDOGRADE WATER (16x100 ML)"
BMX-TD-00012,"609033 - ENDOLISA"
BMX-TD-00013,"423583 - ENDONEXT STANDARD"
BMX-TD-00014,"609065 - ENDO-RS"
BMX-TD-00015,"423211 - ENDO-RS MODULATOR 3"
BMX-TD-00016,"890030 - ENDOZYME II"
BMX-TD-00017,"423129 - ENDOZYME II BULK"
BMX-TD-00018,"890031 - ENDOZYME II GO"
BMX-TD-00019,"423533 - ENDOZYME II GO 0.01 EU BULK, 3072 TESTS"
BMX-TD-00020,"423427 - ENDOZYME II GO BULK"
BMX-TD-00021,"424107 - ENDOZYME II GO STRIPS"
BMX-TD-00022,"424109 - ENDOZYME II GO STRIPS ST"